Email Address,Grade
amet.ornare.lectus@Pellentesquehabitantmorbi.co.uk,73
orci.quis@dignissim.ca,84
dui@enim.ca,100
eu@Craseget.com,71
aliquet.vel@Vestibulum.org,59
at@massa.net,89
in@iaculis.org,89
porttitor.eros@ametdapibus.com,70
orci.tincidunt.adipiscing@lobortisrisusIn.org,80
Curabitur.egestas.nunc@erat.org,99
ante.ipsum@Phasellusat.edu,82
faucibus@elitNulla.edu,87
Nunc.ullamcorper@aceleifend.net,78
dolor.Quisque.tincidunt@quisarcuvel.com,80
turpis@milorem.ca,80
semper.auctor.Mauris@Maurismagna.com,93
blandit@augue.ca,63
tellus.imperdiet@necmetus.net,90
dui.quis@pretiumneque.com,96
tristique.aliquet.Phasellus@dictumeuplacerat.ca,69
sit@duiSuspendisse.edu,91
pede.Nunc.sed@justoProin.co.uk,88
eu.ultrices.sit@tempuseu.ca,90
Cras.pellentesque.Sed@ligulatortor.ca,99
ut.nulla@Aliquam.edu,97
sem.Nulla@lacuspedesagittis.co.uk,82
Integer.tincidunt.aliquam@enim.ca,98
convallis.convallis@facilisi.edu,78
Etiam.laoreet.libero@amet.org,77
pede@pharetrasedhendrerit.co.uk,95
congue.a@eudoloregestas.edu,81
gravida.Aliquam.tincidunt@nulla.ca,98
vitae@Pellentesque.com,77
inceptos@semperet.ca,82
nec.cursus@arcuVestibulumante.net,95
mauris.Morbi@aliquetnec.edu,77
Donec.consectetuer.mauris@feugiat.co.uk,49
ultricies.sem.magna@scelerisquenequeNullam.edu,82
Nulla@atauctorullamcorper.com,92
Nunc.laoreet@Aliquamrutrum.ca,95
a@acarcuNunc.org,68
Phasellus.fermentum@Proin.org,87
dui.in.sodales@lorem.org,85
nisl.Maecenas@justo.com,80
volutpat@quis.com,100
vitae.orci.Phasellus@turpis.com,73
odio@nonmassa.net,40
Phasellus.at.augue@eu.co.uk,82
vel@enimnonnisi.com,86
orci@purusDuiselementum.ca,10
Pellentesque@eros.ca,80
Mauris.non.dui@blanditatnisi.edu,86
Fusce@vitae.ca,95
malesuada.Integer@ornareplacerat.com,97
id.ante@tellus.net,99
sem.Nulla@at.edu,85
ut.nulla.Cras@nisi.org,95
enim.diam.vel@fringillamilacinia.co.uk,21
et.commodo@elit.com,92
nulla.Integer.urna@tortor.ca,86
velit.Quisque@scelerisque.co.uk,98
aliquet.sem@non.co.uk,84
odio.Aliquam@rhoncus.ca,95
non@Proinmi.edu,89
lorem.fringilla.ornare@non.com,92
ante@auctorMauris.edu,95
ullamcorper.Duis.at@netus.org,73
non.massa.non@Morbivehicula.org,95
Maecenas.mi@Etiamvestibulum.ca,96
Quisque.porttitor.eros@enimMauris.ca,95
consequat.purus.Maecenas@eratSed.com,84
mi@felis.edu,81
orci@metus.edu,60
aliquet.libero.Integer@lectussit.net,98
vel@id.ca,83
ipsum.sodales@purusmauris.edu,81
ac@cubiliaCuraePhasellus.org,93
Donec.dignissim@luctus.ca,99
libero@sagittislobortismauris.net,98
sed@quamquisdiam.edu,100
eu.arcu.Morbi@Curabituregestasnunc.co.uk,92
Proin@vitae.net,94
magna.Sed.eu@loremlorem.ca,100
Quisque@sitametnulla.co.uk,78
malesuada.vel.venenatis@egetmagnaSuspendisse.com,73
Nunc.laoreet@adlitora.net,99
magnis.dis@fringillapurus.org,69
quis@Suspendisse.net,100
Proin.nisl.sem@DonectinciduntDonec.com,93
aliquet.metus.urna@interdum.edu,37
sem.semper.erat@mattissemper.net,99
Fusce@risus.co.uk,95
nonummy.Fusce.fermentum@luctussitamet.co.uk,96
erat@auguemalesuada.net,100
commodo.hendrerit.Donec@congueaaliquet.net,90
et@turpisegestasAliquam.org,92
diam.Proin.dolor@pretiumnequeMorbi.ca,99
adipiscing.elit@eutellusPhasellus.edu,85
cursus.a@feugiattelluslorem.edu,90
adipiscing@lobortisnisi.com,100
